"0","49","1213","2","Effect wonder free trial green","2015-09-02 13:34:14"
"1","32","1919","2","Leader light some debate special","2011-06-22 07:05:22"
"2","76","1435","1","Security age technology imagine name address","1975-05-05 14:32:29"
"3","71","1090","3","Choice person task nature interest","1972-06-16 09:04:13"
"4","31","239","3","Little play serve husband candidate","2001-10-03 01:13:51"
"5","84","1098","5","Suddenly newspaper better","2020-02-14 03:46:41"
"6","96","1497","5","Discussion option father","1994-06-20 09:30:32"
"7","73","817","4","Industry hope popular after writer","1993-07-03 14:08:48"
"8","57","621","4","And live worry who college","1987-04-18 20:16:43"
"9","59","38","1","Friend serve try","2023-10-28 16:07:15"
"10","39","1497","2","Foot bank message","1991-12-20 11:40:49"
"11","8","502","4","Final international catch together time","2010-10-10 02:10:19"
"12","18","727","2","At detail road","1989-11-29 02:29:52"
"13","15","887","5","Cause side amount house candidate","1984-06-13 11:16:53"
"14","66","1071","2","Meeting new chance safe face","2014-05-06 05:20:52"
"15","57","162","2","Admit me really marriage spend must","1986-08-20 13:53:08"
"16","30","1501","4","Property name else","2000-07-15 05:50:17"
"17","45","1580","5","Contain among herself my everybody run","2014-08-08 04:12:43"
"18","49","1560","5","Environment million force mind really picture","2012-12-20 14:40:40"
"19","96","1977","5","Radio price find sometimes","1971-12-27 09:54:49"
"20","32","95","3","Occur will among phone","2011-03-09 03:05:45"
"21","87","983","1","Rise may break","2006-09-19 09:05:08"
"22","14","1842","1","Blood art billion","1970-08-28 12:58:06"
"23","59","1174","1","Police interesting fire model","1972-09-27 13:24:26"
"24","82","1777","1","Ready upon significant board degree plan","1989-10-27 17:18:21"
"25","54","1926","5","Spend whether two of agent","1975-05-03 12:45:21"
"26","54","290","3","Prepare probably cell important discuss parent","2005-02-11 17:40:15"
"27","46","1401","4","Plan through everybody official","1994-03-08 05:31:49"
"28","53","1596","5","News level per government","1983-01-24 08:20:01"
"29","67","1900","2","Without indicate source","1992-11-25 04:12:16"
"30","67","17","3","Worker born into","1989-11-28 15:05:34"
"31","17","945","4","Standard better begin set always director","2009-02-28 15:08:40"
"32","83","1598","2","Party energy cut","2022-10-02 21:46:33"
"33","3","263","2","Young wonder participant door","1992-08-30 23:45:54"
"34","8","834","3","Piece daughter long continue wear score","2002-01-11 16:31:56"
"35","83","1283","2","Protect receive simply authority record","2006-03-03 15:35:46"
"36","13","455","5","Before present risk next","1975-03-06 14:33:55"
"37","49","521","3","Serious notice each listen","2010-11-27 06:38:43"
"38","99","1112","4","Above upon where lawyer","1976-02-26 01:53:19"
"39","63","1898","3","Final it study color","1990-11-11 06:18:04"
"40","10","1408","1","Mr outside house space","2000-01-14 19:47:13"
"41","70","1678","5","Movie itself level","2010-08-26 16:56:05"
"42","88","825","5","Perhaps edge eye","1974-04-27 22:15:03"
"43","61","1620","5","Individual step act prove","1976-01-18 18:32:01"
"44","32","756","4","Successful although expect particular couple its","2008-05-14 08:57:59"
"45","34","1122","3","I land play generation baby prepare explain","1998-05-23 17:01:35"
"46","66","698","5","Guess cover position writer accept","1986-01-23 13:19:23"
"47","38","1653","4","Walk hear outside least soldier","1998-02-05 08:38:25"
"48","14","1025","3","Final chance cover here","1984-04-19 00:51:55"
"49","75","1965","1","Idea very understand care","2007-04-27 14:55:05"
"50","20","401","4","The important style","1997-09-14 09:49:36"
"51","40","1035","1","Identify sign her subject according","1990-05-30 04:14:20"
"52","19","172","5","Image news why citizen think","1989-05-05 20:14:55"
"53","43","1965","2","Summer its produce much sport","1973-11-24 07:50:41"
"54","90","1781","3","Economic offer science want huge","1995-02-06 18:50:18"
"55","18","1841","4","Hit series among month recognize bill","1973-10-08 23:21:56"
"56","72","849","4","Stock discover everybody","2007-12-05 19:34:47"
"57","86","1674","1","Color final follow bill would","1979-11-15 03:12:41"
"58","99","1722","2","Civil body draw scientist","1983-08-22 15:42:20"
"59","60","495","4","Speak home again down before hotel","1987-05-29 09:26:35"
"60","15","303","3","Professional employee bag hear door","1976-02-16 18:50:36"
"61","98","1951","1","General yard police car interview","2021-11-28 22:28:55"
"62","89","1562","2","Suffer enjoy add play it","1970-02-02 10:13:41"
"63","41","1741","1","Without still pull","1992-07-06 21:03:31"
"64","10","332","3","About its condition career read","1977-09-29 04:29:12"
"65","38","956","2","Mention light us between raise","1998-12-06 08:08:41"
"66","23","1175","5","Show particular you song well truth","1977-02-10 04:50:37"
"67","38","1279","2","At figure force industry garden","1976-06-22 07:17:57"
"68","22","1368","4","Minute fact everyone save","1986-07-18 07:18:16"
"69","66","321","3","Actually base cup executive","2016-05-19 15:29:25"
"70","22","1285","5","Subject former line yeah new","2000-05-23 14:53:46"
"71","69","1581","2","Industry their start heavy skill heavy","2003-03-22 19:40:28"
"72","84","246","3","Impact dog chance","1980-04-04 08:11:08"
"73","73","348","1","Early work realize stock international message","1981-04-26 21:09:10"
"74","17","1246","3","Beautiful send whether vote worker","1970-01-26 23:26:51"
"75","72","489","1","Practice today performance thus physical","2000-06-11 11:12:58"
"76","22","95","4","Congress news set","2001-07-30 20:29:28"
"77","59","1183","3","Trial pull trade save little possible","2016-09-10 01:52:22"
"78","40","911","2","Ok behavior skin discover discover","2013-09-09 13:40:25"
"79","62","250","4","Build woman base entire single","1997-08-01 07:10:56"
"80","2","1084","3","Language later exist program from usually","2007-05-05 13:39:36"
"81","63","813","4","Thing second thing little recently","1972-03-16 05:43:03"
"82","18","375","1","Move account I apply hard","1987-08-19 05:06:36"
"83","69","647","4","Reality community sing","1970-05-03 07:23:30"
"84","43","1255","1","Day market Democrat manage","1974-12-14 13:30:36"
"85","18","674","5","Really raise watch","1984-07-17 15:29:45"
"86","54","774","5","Series foreign difficult control animal","2021-04-06 09:35:18"
"87","35","1518","3","Leg every go new chair","2004-02-08 12:40:23"
"88","25","1542","3","Ago star beyond too recognize last","2010-08-13 04:26:36"
"89","69","1309","4","Employee character over stand","2016-06-03 10:56:26"
"90","41","1368","1","Account everybody majority explain","1990-11-11 13:44:53"
"91","0","729","4","Kid law but","1985-02-25 08:45:07"
"92","19","813","2","Appear theory dream","1992-01-16 04:59:39"
"93","65","1627","5","Include light late away leg","1998-07-11 14:03:27"
"94","14","1226","3","Long believe attack successful me team","2006-12-07 15:37:38"
"95","91","1226","4","Board although dream born loss","1974-12-06 00:29:42"
"96","6","171","1","Record writer keep","1991-12-14 20:15:41"
"97","5","1823","4","Understand compare beyond thought daughter","1996-08-17 08:08:01"
"98","94","1674","3","Common thing fall","1996-02-29 03:06:41"
"99","72","166","2","Us design state","2013-01-07 09:37:59"
"100","23","778","2","State most experience design","1972-03-06 14:43:07"
"101","17","102","1","Many cultural bed thousand day","1989-01-11 18:15:02"
"102","2","296","5","Rule receive hope huge simple","1997-12-31 00:49:11"
"103","45","84","1","Appear organization out themselves official","2004-05-23 09:20:06"
"104","60","789","3","Between approach popular make commercial just never","2015-02-24 19:06:36"
"105","54","706","1","Seek plan race smile special ago","2004-10-17 15:09:28"
"106","9","1535","2","First leg role fund","2021-10-28 05:10:42"
"107","80","1580","1","Best identify popular lawyer hold","2011-01-12 21:02:03"
"108","12","9","1","Camera late leader citizen can much","1985-05-08 01:20:03"
"109","55","1590","4","Fire operation born drive maybe","1995-09-07 23:21:50"
"110","1","958","3","Put find natural","1980-09-26 04:46:47"
"111","92","1733","5","Phone play place common vote","1975-02-26 18:13:46"
"112","88","1551","5","Building dog best conference pattern","1982-01-01 19:56:58"
"113","80","471","3","Light what record","2006-04-03 21:41:22"
"114","29","794","2","Since phone clearly worker","2011-06-23 22:57:15"
"115","15","1632","5","If source his thing series water","2017-12-12 12:03:19"
"116","2","1879","5","Member wish year traditional focus","2005-10-02 07:08:45"
"117","60","1490","3","Conference bar blood","1988-12-10 07:55:53"
"118","74","1661","4","Region concern former blue finally box","1985-05-10 21:38:43"
"119","97","1774","4","Prove pick series","1974-10-06 15:39:35"
"120","27","1858","5","Catch president respond","1981-02-01 21:20:14"
"121","45","1966","3","Mrs site well thought computer commercial","1995-10-30 18:07:25"
"122","37","290","3","Own design list","1996-06-26 21:38:20"
"123","66","496","4","Present almost necessary share better","2019-01-05 21:49:44"
"124","49","1166","1","Get part cause conference","1972-08-08 05:20:44"
"125","35","793","2","Physical describe hot cover discussion probably","2008-11-03 21:52:42"
"126","66","1551","1","Pick together about","1980-08-17 16:33:41"
"127","60","1012","5","Evidence relate fight","1998-09-07 17:40:05"
"128","61","607","4","Note if tough relate foot","1979-10-20 06:35:46"
"129","59","1768","1","Determine common her cut","2004-11-08 11:22:16"
"130","48","222","4","Language race he represent so model","2006-01-09 16:11:09"
"131","82","1497","2","Hospital enjoy truth her","2002-09-24 16:33:53"
"132","21","1118","2","Change actually chance must","2011-03-31 00:34:55"
"133","81","743","3","Hour involve these gas whether","1987-11-11 01:43:02"
"134","11","1657","2","Through dog tax recent","1990-08-09 20:53:41"
"135","53","837","3","Impact five public","2009-12-19 05:04:20"
"136","81","1730","1","Almost find across officer dream probably","1992-08-28 00:07:08"
"137","79","1531","5","Care manage white talk name herself","1974-05-30 12:25:42"
"138","41","1516","4","Once decade mention unit","2020-11-26 08:53:31"
"139","61","1324","3","Nature often something purpose meet budget","1998-06-28 02:26:39"
"140","66","822","5","Decide sea sea three anyone old","2006-04-13 18:53:26"
"141","29","395","5","Government like glass six","1996-05-23 06:03:22"
"142","21","1913","1","Guess thank both market join season","1994-06-15 03:30:18"
"143","93","678","3","Bring power example trip price","2006-07-28 01:03:57"
"144","0","1632","4","History music plant conference wide","2011-06-09 13:59:06"
"145","51","525","1","Note check form level mother","2000-07-18 02:23:36"
"146","28","1109","2","To boy child moment mean","1976-04-22 02:51:05"
"147","42","1405","3","Peace draw thought probably claim","2019-05-19 02:29:27"
"148","26","45","2","Into activity use citizen accept","2003-04-19 10:45:08"
"149","39","406","2","Full true oil quickly miss simple","2004-08-22 01:27:01"
"150","34","1063","1","Place run fight performance fish stay","1982-03-14 04:17:58"
"151","53","117","1","Even board training","2015-08-16 22:54:28"
"152","65","1732","3","Research face something","1978-09-02 22:18:44"
"153","84","341","5","Fast generation time other into","2021-08-31 02:52:31"
"154","98","89","5","Girl final popular","2019-05-06 22:34:01"
"155","21","1246","5","Material center effect despite","2013-08-04 16:23:35"
"156","49","700","4","Tax main community spend","1990-03-08 07:25:42"
"157","26","1749","2","Simple maybe program","2018-04-08 18:06:59"
"158","31","1627","1","System relationship room Congress","2002-10-30 09:24:42"
"159","16","1882","3","Let open power social ask","2006-03-29 09:46:51"
"160","91","1006","5","Among process thousand behavior across fly","2017-07-23 11:10:38"
"161","11","1491","2","Ability once such item own themselves","2023-09-21 07:47:24"
"162","10","1966","5","Daughter energy enter be","1992-03-09 15:24:53"
"163","72","704","5","Everyone compare up","1996-03-28 02:30:17"
"164","3","1131","4","Fund send professional back","1984-08-17 23:27:26"
"165","86","191","1","Fish agency establish","1979-01-02 21:42:19"
"166","27","510","3","Positive next personal car give system","2016-07-24 06:00:25"
"167","50","822","1","Several enough computer may fine evening","1976-06-13 08:41:38"
"168","22","1534","1","Turn music radio fill","1976-07-05 07:08:32"
"169","59","1655","3","Cover new any","1970-07-15 22:04:32"
"170","76","194","3","New work image relate officer hundred","2016-02-08 04:10:39"
"171","48","1429","3","Serve someone cell","2020-12-11 05:39:34"
"172","38","1920","1","Manage sing answer","1991-06-30 11:40:25"
"173","77","935","1","Situation majority air kid sometimes nature","2023-11-20 08:54:58"
"174","90","1581","1","Agency administration law","2006-11-19 07:13:49"
"175","46","834","1","Even grow gas certainly itself or","1970-12-09 06:31:35"
"176","69","1323","5","Million there at past according ready","1985-07-01 06:40:53"
"177","36","1824","3","Skill person card visit","2012-10-05 17:14:03"
"178","69","630","1","Drive dark happy grow yes hard","1983-02-25 18:21:11"
"179","80","1053","5","Field loss figure lawyer assume","2002-01-12 03:22:51"
"180","63","1641","2","Manager lead movement she seem","1970-11-02 14:44:25"
"181","85","222","1","Perform quickly whole admit","1991-03-08 01:44:27"
"182","70","646","3","Seven front politics up","1990-01-28 21:45:51"
"183","51","731","5","Care key hear","2019-03-26 08:08:43"
"184","38","571","1","Than in mention anyone heavy","1983-10-16 00:05:12"
"185","93","988","5","Task bit according couple thus personal","2006-05-29 08:56:13"
"186","23","366","5","Away yes character high","1977-09-29 20:42:18"
"187","27","952","1","Second trade cover","1980-12-02 09:02:28"
"188","90","250","1","Hope suggest own","1984-05-26 22:19:07"
"189","23","108","2","Well something pull anyone","1989-01-09 07:12:07"
"190","98","547","2","Paper add very consumer training practice","2019-02-16 11:32:50"
"191","98","1409","3","Manager some phone","1989-08-18 01:42:17"
"192","68","879","1","Rich character ready","2002-05-24 09:05:46"
"193","60","148","5","Could realize writer method","1995-03-13 07:11:16"
"194","24","954","2","Member become end its pass we","2022-02-11 00:49:57"
"195","93","1141","2","Our government her career","1977-02-12 05:35:10"
"196","57","281","5","Entire thousand material field onto letter","2017-01-16 21:24:41"
"197","21","770","3","Up hit pass indeed gun stand","1983-10-28 06:03:29"
"198","6","1890","5","Local fact manage question smile beyond","2022-01-05 07:03:40"
"199","68","1755","3","Final when big certain around tough","2019-01-03 23:59:49"
"200","19","1007","5","Fine game heavy risk material","2023-02-24 16:40:00"
"201","23","1801","5","Offer never town","1998-09-21 07:09:34"
"202","51","44","2","Audience safe free off","2006-07-10 07:50:19"
"203","88","1583","1","Position team quite win","1992-08-14 12:39:34"
"204","53","1022","4","Keep sure boy","2013-12-23 21:50:35"
"205","20","1977","3","Line amount team may technology like pressure","2002-09-17 15:35:43"
"206","48","1520","5","Medical whose grow painting","2009-10-18 11:39:25"
"207","2","469","2","Foot sport past","2013-03-02 16:44:54"
"208","39","606","2","Spend fear fall forward","2018-09-02 22:03:59"
"209","55","1766","3","Land movie pass","2001-10-30 08:41:50"
"210","10","1865","3","Almost score perhaps executive difficult pressure","1970-09-20 11:45:49"
"211","98","453","4","Series technology chance agent","1996-10-13 18:18:58"
"212","83","181","3","Local current fall","2021-05-04 22:54:55"
"213","28","635","4","Writer mean control character call","1977-09-14 10:23:13"
"214","1","1394","3","Probably population science","1979-08-08 19:50:30"
"215","57","485","5","Book wear back pay","1985-11-20 17:12:16"
"216","0","1802","1","Measure write tell ask","2005-09-27 07:30:36"
"217","14","882","3","Teacher democratic within large still either","1986-01-19 15:12:11"
"218","84","743","1","Break interview federal","2014-10-11 20:12:34"
"219","27","1331","3","About feeling past manager keep","2000-05-06 17:44:45"
"220","52","1866","1","Nothing join security young","2010-07-21 03:42:47"
"221","79","654","3","Start project guess chair we","1999-08-21 11:48:44"
"222","82","202","5","Remain seek foreign","2013-05-04 21:44:21"
"223","43","1138","3","Size experience feeling","1975-01-03 11:46:26"
"224","90","1776","5","Government among and","1976-12-17 01:18:18"
"225","13","1439","1","Another wife worker play","2002-01-11 02:17:56"
"226","24","1956","2","Various involve cover day guess little","2000-09-18 22:22:31"
"227","21","892","4","Save speech design","2007-10-04 17:30:14"
"228","36","615","1","Its chair describe church mention affect","1987-10-12 07:27:17"
"229","21","1916","1","Own state leader","1993-08-30 23:55:18"
"230","78","980","1","Onto end view","2014-12-25 03:29:03"
"231","37","763","3","Heart president quality add body catch","2010-06-05 02:06:59"
"232","51","1259","2","Might business yet difference act","1998-04-07 13:14:33"
"233","72","468","5","Me hot just west perform","1998-08-29 02:42:53"
"234","27","328","1","Field hold bag pay","2008-02-14 16:39:54"
"235","15","941","3","Require full easy nor","1972-06-20 08:24:59"
"236","72","350","4","War issue throw","1977-11-04 14:05:13"
"237","86","658","2","Hundred fear ball imagine","2021-06-08 08:06:29"
"238","2","478","1","Discover act fall option hope","1981-12-16 13:44:07"
"239","18","1007","5","Whole society gun sort","1972-04-25 18:48:08"
"240","15","1110","1","Group relationship major special partner","1978-03-01 21:39:51"
"241","13","350","1","Morning once network like add","2012-03-09 07:29:26"
"242","42","1316","2","General return represent","2009-05-07 14:44:20"
"243","92","1253","2","End smile house whether","1996-08-19 13:03:54"
"244","35","730","5","Show money item would ground","1998-06-07 11:35:59"
"245","33","1749","2","Interesting center television usually rather","1971-01-02 09:21:11"
"246","30","519","5","Cause could together first late young","2009-05-29 05:33:05"
"247","42","343","2","Economy vote probably professional reveal wait","1979-11-16 23:14:55"
"248","93","1855","5","Dinner side free","2004-04-01 06:28:55"
"249","44","1022","5","Social entire hard take","2020-11-28 02:36:31"
"250","64","331","5","Artist report space treatment result say","2010-08-31 01:15:21"
"251","95","1263","2","Middle hard late degree","2010-05-30 12:54:44"
"252","82","153","4","These general today choose","1977-05-29 16:25:30"
"253","64","885","3","Civil brother impact beyond may base","2005-11-10 05:28:40"
"254","22","1818","2","Certain identify grow appear","2006-01-11 15:21:19"
"255","23","418","1","Memory door there return man behind","2020-01-28 05:48:18"
"256","82","1566","4","Son choose eight you","1984-11-19 14:59:34"
"257","37","1701","1","Grow score hit exactly","1971-03-14 18:47:36"
"258","87","806","4","Box number prepare late show","2003-06-18 18:20:56"
"259","96","1919","3","Money man should contain realize appear","1985-06-22 02:53:03"
"260","91","109","4","Control ago tonight participant break light","1981-05-10 01:26:58"
"261","48","1609","2","Example indicate among turn particularly worry","2019-01-18 10:01:25"
"262","90","1859","5","Loss degree even","2015-05-16 18:08:03"
"263","94","1631","3","Class such law listen","1991-10-09 19:27:37"
"264","56","1370","4","You early green attack","1970-02-21 20:30:10"
"265","62","1600","1","Western again wall","1992-10-15 19:16:57"
"266","35","849","4","Right test senior","2015-10-02 05:16:33"
"267","1","1775","1","Fact say place","2011-09-16 02:08:25"
"268","87","861","3","Finish back media","2019-11-30 20:49:28"
"269","27","1153","1","What such course free create","2019-07-10 11:42:03"
"270","62","747","3","Gun military scientist movement free should","1973-05-11 15:08:50"
"271","63","812","3","Hear foreign process team effect","1996-03-01 20:07:47"
"272","56","1890","4","Since ability party war response should","1984-06-30 03:12:38"
"273","21","887","5","Sometimes reduce past result turn","1972-10-10 00:16:28"
"274","5","1641","4","North after whole local","2023-09-26 12:33:54"
"275","50","696","3","Cultural alone forget","1984-12-05 00:28:25"
"276","21","839","3","Participant concern seem","2015-04-15 17:10:23"
"277","86","1543","4","Them worker head necessary guess","1974-07-28 08:15:42"
"278","45","1956","5","Hit cell must","2020-05-23 14:43:52"
"279","15","1123","3","Forget play air sort color shoulder","1978-07-23 20:18:39"
"280","75","214","5","Strong affect spring day lose those Mrs","2015-07-13 05:12:23"
"281","81","44","5","Goal accept security","1978-06-22 21:11:16"
"282","18","143","1","Economy suddenly plant again together particularly","2009-02-18 11:08:14"
"283","30","416","3","Nation sit beyond him skill","2007-10-04 13:51:34"
"284","0","840","3","Hope result beautiful sometimes table","2017-12-08 06:17:10"
"285","68","190","2","Not successful lawyer word reality method","2010-04-22 22:01:46"
"286","84","951","2","Particular weight style","1984-06-14 06:17:32"
"287","75","1981","4","Myself gas establish hand day","1979-03-27 09:45:21"
"288","18","1916","2","Market finish natural again offer lay","2013-04-19 16:48:32"
"289","50","1720","5","Field after of article after","1981-06-24 17:12:24"
"290","29","1825","1","Board entire member","1980-01-27 04:08:26"
"291","11","1430","4","Risk although although technology","1979-05-04 02:09:30"
"292","92","166","2","Reason thing ground reveal quickly","1983-03-02 21:14:38"
"293","87","1041","1","Top tonight agree","2019-07-27 10:27:05"
"294","71","1858","5","Reality ahead we against","1971-08-12 11:12:23"
"295","80","1158","4","Five mother around good great interest","1983-12-02 06:19:56"
"296","38","1213","4","Early degree hard here","2011-10-01 06:09:27"
"297","17","1893","5","Address Congress young majority","1979-04-01 17:41:09"
"298","59","453","5","Design mother many air","1978-05-02 00:46:55"
"299","39","17","3","Character third way","1993-07-26 05:36:04"
"300","36","487","2","Financial as pressure tend health she","1990-09-11 21:27:32"
"301","8","1586","3","Forget low hold radio involve debate","2008-01-24 00:10:42"
"302","20","1084","5","Difference news significant us alone do","2006-04-30 20:09:58"
"303","15","418","3","Glass third book today style","2004-12-29 04:36:07"
"304","97","29","1","Second somebody successful time set see","2002-07-02 10:53:11"
"305","61","428","4","They because though","2014-03-05 15:59:57"
"306","14","1115","1","Cell another dream feeling main subject","2022-09-09 07:15:08"
"307","30","831","5","She drug serve five","2009-11-29 14:12:53"
"308","39","749","2","Avoid way thus","1995-07-10 23:15:49"
"309","38","108","2","Article hit mother lose","2013-05-07 13:15:35"
"310","90","84","5","Political perform knowledge responsibility","1970-03-07 19:05:15"
"311","89","1035","3","Card must employee sea","1997-08-03 14:58:21"
"312","84","234","3","Religious most away six","1972-09-20 02:05:08"
"313","4","849","4","Magazine cultural cut","1974-09-27 23:46:18"
"314","35","1504","4","Organization source woman blood","2018-08-03 18:06:30"
"315","28","1528","2","Discover which argue car","1976-06-26 18:12:20"
"316","35","1862","2","What any hit significant none gun","2011-06-15 22:43:43"
"317","19","893","3","Number go investment order","1978-10-24 12:56:27"
"318","74","697","4","Consumer remain religious interview third step","2009-08-15 07:25:38"
"319","57","171","3","Decision result no evidence program offer table","1983-02-12 09:15:10"
"320","58","1098","4","Way mission style hour miss","1988-07-02 05:48:32"
"321","7","540","1","Let side bring less","2016-01-04 04:56:01"
"322","94","932","4","Kid life such seat","2000-07-31 00:03:21"
"323","92","67","3","Bag more television box guy","2015-04-27 02:21:40"
"324","57","862","4","Know law step result most","1975-05-10 00:24:48"
"325","40","1497","2","Feeling Mr crime price","1999-01-01 10:39:05"
"326","73","453","2","Owner or notice also mind","2020-06-16 04:11:06"
"327","6","491","2","Staff he we soon be author","2011-04-02 11:07:37"
"328","48","966","5","Debate care film green movie","1978-03-16 18:45:24"
"329","78","1468","4","Home billion establish population item","2013-05-02 18:08:05"
"330","21","781","2","Himself fire evening with various","2015-03-16 18:49:51"
"331","4","1300","5","As physical trip southern event","2016-02-16 19:37:20"
"332","95","1913","3","Both where picture ten","1991-04-24 19:54:26"
"333","69","855","1","Treatment yard certain fly gas","2019-08-17 12:48:44"
"334","93","1504","3","Thank front suggest forward blood","1973-12-19 20:05:56"
"335","4","1989","4","Develop prepare low","1970-09-05 10:24:40"
"336","68","468","4","Factor them law","1988-10-31 03:35:48"
"337","83","1993","1","During million find condition","2023-05-15 02:05:48"
"338","63","1998","3","Beat late relate laugh might environment","2013-03-17 23:34:57"
"339","6","9","1","Full look respond production","2023-07-25 05:09:05"
"340","6","153","2","Owner cut president bit","2019-03-02 08:35:20"
"341","88","1627","2","School car across","1998-10-31 11:23:43"
"342","52","801","1","Technology last would suggest former no","1992-03-26 04:33:23"
"343","61","518","1","Represent for natural contain nature","2007-08-24 08:39:45"
"344","98","299","4","Card whatever more might answer sign community","2015-08-27 20:00:56"
"345","90","93","1","Class manage must decade rest safe","1978-10-21 05:21:54"
"346","97","582","1","Break of knowledge voice near matter","1983-06-25 06:20:07"
"347","90","1007","3","Half act move","1987-02-21 23:56:55"
"348","68","840","5","Soon cell address might rock none","1985-11-01 03:26:28"
"349","0","1947","1","Data everybody shoulder show especially couple","2000-10-19 01:31:56"
"350","9","548","4","Science thing some dream near the","2016-01-16 15:13:39"
"351","22","1492","4","How risk hospital receive argue see","1972-10-26 20:31:20"
"352","73","665","4","Tough film reduce owner","1981-05-16 13:35:11"
"353","58","998","5","Left lay push center night","2015-11-19 08:24:58"
"354","6","1302","3","Factor like hard","1995-04-28 05:16:51"
"355","55","1023","3","Use significant perform free study hard deep","2017-01-12 20:54:42"
"356","46","757","1","Big hope perhaps between deep","2005-11-23 20:05:47"
"357","6","1088","3","And establish story wife last","1979-11-24 09:01:50"
"358","63","1400","2","Section perform green far","1987-07-06 04:47:00"
"359","48","617","2","Factor Mr law specific","1978-09-30 17:33:24"
"360","38","250","3","Attention take stage","2017-07-27 02:29:00"
"361","61","106","5","Tv network project","2014-08-17 12:15:57"
"362","15","93","1","Provide former discussion","1990-05-14 06:42:20"
"363","5","1195","4","Out writer simply night seven","1992-01-02 17:37:04"
"364","69","667","5","Enough decision born have once","2001-05-29 15:32:34"
"365","23","1158","2","Hour detail suffer","2014-09-13 00:56:24"
"366","72","878","2","Computer thing air","2012-03-16 11:37:38"
"367","49","1760","4","Too age blood enjoy could","2013-08-30 09:56:05"
"368","80","194","4","Paper theory usually safe person type blue","2012-08-05 06:31:08"
"369","46","591","5","Rather scientist message many draw","2004-11-17 05:29:52"
"370","37","351","4","Same serious central indicate foot weight","1973-04-27 04:06:34"
"371","44","654","4","Person economy around","2015-01-04 03:19:59"
"372","94","61","2","Face despite before admit such market","1985-10-29 00:21:59"
"373","25","841","5","Seven top admit","1977-05-01 01:15:05"
"374","21","1123","3","Wonder this benefit","2003-01-28 16:35:07"
"375","51","841","4","Process issue simple future","2012-08-15 00:41:18"
"376","4","684","3","Shake trip get beautiful","2021-08-23 21:47:12"
"377","55","1273","5","Choice statement catch goal travel","2013-09-26 10:30:24"
"378","83","1118","1","Write concern explain","2021-08-09 12:42:52"
"379","87","871","2","Coach physical leg day","2006-11-05 21:35:08"
"380","95","344","3","Reveal level than skill","2013-01-31 09:16:30"
"381","12","1725","1","Pull perhaps fall Mrs build whose","2000-08-29 22:39:45"
"382","39","1074","1","Main various around simply fear campaign","1995-07-11 17:59:20"
"383","22","1661","3","Join call feel plant","1983-02-23 01:10:26"
"384","84","1900","1","Very air alone accept","1987-12-31 16:15:42"
"385","89","1324","2","Individual community black trouble","2007-01-16 12:29:00"
"386","40","1169","4","Forward seem meeting same","1987-06-29 02:31:17"
"387","85","1021","5","In choice board system","1995-10-25 17:58:51"
"388","51","500","4","Two continue camera final call","1982-01-15 10:15:08"
"389","39","1863","3","Source many air claim authority alone","1988-09-17 07:28:21"
"390","92","1854","3","Believe serious develop check street get","2003-04-23 07:02:52"
"391","31","920","3","Get drug mission them last society","1999-11-07 16:45:54"
"392","65","935","4","Into yourself understand court","2021-06-29 02:00:52"
"393","2","1350","3","Tend number most institution let","1982-06-26 02:40:55"
"394","57","855","1","Traditional simple full else","1990-01-12 10:23:52"
"395","10","1933","3","Great different social water truth response","1989-03-17 08:52:58"
"396","74","546","4","Watch until early anything me","1982-07-31 20:42:51"
"397","6","1731","2","Brother letter just involve agree brother","1984-04-18 02:43:49"
"398","74","1317","5","Throughout explain body couple speech wrong","1998-01-26 11:54:46"
"399","11","491","4","Class manage data item break","1978-08-18 20:00:46"
"400","0","68","4","Role couple fact attorney party","1998-01-24 00:39:33"
"401","41","1990","3","North music individual long most","2009-10-23 13:40:47"
"402","37","874","5","Add run night several believe","1974-01-12 15:36:04"
"403","71","935","4","Relate indicate box","1973-09-08 21:36:43"
"404","62","1299","3","Unit down page action sure avoid","1997-06-18 20:18:16"
"405","46","491","4","Call whatever way break he consumer","1997-02-20 00:16:53"
"406","41","1003","3","Increase film bill miss","1998-02-17 13:44:02"
"407","70","203","3","Every her significant as","2018-10-25 08:07:02"
"408","49","1965","2","Different billion develop ten region","1979-03-22 19:08:51"
"409","21","4","2","Truth because method whatever report","2020-03-08 20:02:48"
"410","28","1725","5","Hope thing help toward nearly","1975-09-21 02:55:24"
"411","91","1334","1","Character series measure","2007-10-07 00:16:41"
"412","68","1283","1","Make Democrat describe nice sometimes job","1976-09-16 13:02:11"
"413","46","395","5","Get very point magazine big enter","2017-01-10 10:44:11"
"414","98","184","2","Specific article friend investment stage still","2019-10-07 19:47:06"
"415","33","974","5","Once best ever beat","1996-07-31 18:27:40"
"416","64","644","3","Least international ability rest common maybe","2004-11-11 11:16:10"
"417","15","1587","3","Clear agree today ground","2018-07-27 11:16:51"
"418","5","960","4","Health design mouth","2019-11-08 07:56:58"
"419","56","1854","4","Discussion feel offer","2013-03-22 06:18:45"
"420","60","1143","4","Help away produce picture trouble manage","1971-01-08 19:58:47"
"421","17","1317","2","Forget between worry occur","1977-07-15 12:40:56"
"422","90","1021","3","Speak other drop society scene four","1972-07-25 20:32:19"
"423","66","63","2","Garden open person rate size","1998-07-08 18:03:31"
"424","91","204","2","Study big level few remember under","1973-04-09 14:38:07"
"425","3","478","2","Form through tax TV source","1974-07-04 02:06:37"
"426","40","725","5","Most whose indeed find","2005-01-23 22:23:47"
"427","43","100","1","Step blue quality enter","1995-12-02 03:47:30"
"428","60","595","5","Address leave wish third","1975-12-11 05:05:39"
"429","54","843","5","Today draw wear to use","2015-11-11 13:55:10"
"430","35","1498","5","Perhaps case important agree nice","2014-12-14 23:38:09"
"431","52","717","5","Seat citizen smile","2000-01-06 05:12:10"
"432","3","319","1","Enjoy garden oil","2011-06-11 20:41:00"
"433","71","1131","2","Audience as improve","2000-05-21 14:24:45"
"434","21","350","4","Gas determine difference","2015-01-23 19:14:59"
"435","79","1818","2","Cause sport moment unit","1982-07-26 08:58:04"
"436","79","1030","4","Off property use happen fight put","1983-12-17 19:53:08"
"437","78","1328","4","Major draw example together","1983-01-28 07:20:17"
"438","37","157","5","Place line pressure generation perhaps stand","1992-11-25 12:47:22"
"439","65","350","4","Seat officer fall rate","1979-03-07 05:55:10"
"440","66","313","4","Report reveal song start course level success","1982-05-17 08:39:13"
"441","59","1863","5","Happen just record","2002-03-09 03:17:18"
"442","1","828","2","Enjoy good staff set","1974-01-17 13:07:20"
"443","29","1572","2","Everything officer focus deep behind before","1973-03-12 12:59:38"
"444","56","454","4","Join wish door person past fly","2022-02-13 11:31:08"
"445","7","215","3","Yourself money raise describe nothing Mrs","1980-02-01 06:30:46"
"446","34","161","5","Control physical phone sense PM","2018-01-04 08:17:22"
"447","15","1977","2","Message those itself public","1971-05-28 06:30:27"
"448","9","192","5","Start agree idea increase","1994-07-17 22:48:06"
"449","97","872","3","Meeting likely could finally","1987-03-13 03:33:00"
"450","14","344","1","Start garden group present","2006-02-20 04:18:53"
"451","64","1493","3","Level example build former husband amount group","2007-09-24 20:39:44"
"452","26","1938","3","True possible set red their billion","2021-10-30 20:22:39"
"453","57","1060","2","Many wall call feeling town operation","1988-11-29 20:24:46"
"454","5","106","1","Film great summer hair owner","1994-09-06 10:39:34"
"455","4","1253","1","Born suffer force police","1986-04-07 03:21:24"
"456","13","234","5","Training once over cell treatment do agency","1992-10-25 12:49:39"
"457","53","846","5","Company it stock protect best first","1990-01-23 06:31:54"
"458","37","1729","2","Fear manage create pay cup upon","1972-10-30 18:52:14"
"459","75","1944","5","Hour identify enter strong top","1988-07-13 12:45:15"
"460","5","893","3","Charge market leader garden box","1993-06-09 05:47:46"
"461","17","1517","4","Yes onto debate","1981-09-25 11:47:03"
"462","63","924","5","Political development option another","1971-05-28 15:06:02"
"463","72","704","4","Require final back region black","2010-12-03 13:18:32"
"464","13","1806","2","Too size evening eight him room","1980-10-30 14:05:41"
"465","17","858","5","All campaign year piece","2020-11-18 18:20:41"
"466","28","1219","1","On continue challenge what","1992-04-11 10:56:45"
"467","97","1059","1","Might something term pressure including","1976-07-13 10:02:29"
"468","5","1919","3","Third front outside above","2007-11-27 03:43:37"
"469","54","446","1","Image reflect citizen","1975-04-26 02:05:01"
"470","45","702","3","Remain return claim","1998-03-04 11:55:34"
"471","78","697","3","News their history","2002-10-30 12:46:43"
"472","22","1208","4","Develop able fire series","1974-02-08 21:23:26"
"473","36","1914","4","Data general team first remain","2019-11-28 20:14:42"
"474","13","1120","4","Open part happen share national old","1998-03-31 12:47:47"
"475","88","814","5","My example reduce some mouth","1982-06-11 02:29:07"
"476","13","611","5","Baby other girl middle","2021-04-14 04:25:00"
"477","86","1802","5","Sort collection appear key wall","2012-06-29 18:50:17"
"478","26","761","3","Up year pattern like though","1970-07-29 04:02:04"
"479","81","1299","5","Law call court firm politics","1997-11-10 13:17:43"
"480","40","1398","4","Economic bill result owner quickly","2001-04-14 18:13:34"
"481","82","1725","5","Go so evidence environmental","1973-11-16 15:59:22"
"482","86","849","4","Factor too sing study represent","2007-06-28 14:54:40"
"483","67","307","2","Who she to","1980-04-19 14:04:53"
"484","48","484","5","History case miss third","1995-10-22 19:48:15"
"485","24","934","3","Follow especially some international","1982-02-09 11:49:20"
"486","39","667","3","Crime page standard many another","2013-10-17 19:37:07"
"487","35","1236","1","Second nation father last eye least","2017-02-10 01:49:32"
"488","30","513","5","Indicate local room too four outside","2002-05-13 12:47:06"
"489","49","1474","3","Carry carry station they","1984-09-15 02:17:20"
"490","1","1258","4","National million color","2014-11-22 06:08:41"
"491","82","1494","1","Some if spend quickly Mr","1970-02-03 07:53:14"
"492","6","16","4","Home total fund several or plan","1991-09-25 03:35:02"
"493","68","1279","5","Little cost but theory","1995-09-30 03:47:05"
"494","51","1294","3","Population special bank","1974-04-12 06:26:31"
"495","77","18","4","Green worker throw","1998-02-28 14:45:56"
"496","4","343","5","Head institution laugh such suddenly budget","1999-01-23 08:15:33"
"497","16","1287","1","White best two ten back","1972-10-26 16:42:02"
"498","44","1158","3","Popular however table to state","1975-03-29 23:42:02"
"499","57","1019","1","Teach recently along major prove fire","1985-07-21 04:00:22"
"500","36","918","2","Free week cost activity admit need","1974-09-05 15:53:34"
"501","1","405","1","Concern apply whom onto","2017-07-30 04:19:07"
"502","18","93","5","Growth describe down including focus speech","2009-07-25 17:32:34"
"503","64","1439","4","Old ball threat certain north indeed","1975-09-29 04:05:49"
"504","64","1379","2","World window other boy","2007-08-09 16:38:15"
"505","88","1219","1","Industry them weight college name","1997-07-09 09:20:41"
"506","86","428","1","Appear Democrat site police some include","2017-05-19 10:51:00"
"507","47","1557","3","Determine miss local","2019-10-23 02:57:55"
"508","84","1670","2","Simply main other question","1997-08-28 08:54:46"
"509","89","115","5","Determine level avoid walk","2019-10-07 09:40:34"
"510","66","1035","4","Attack weight law","1993-03-21 20:46:29"
"511","37","133","5","We today particular response past","2019-12-16 05:17:57"
"512","31","1135","5","Now size station","1988-03-19 07:09:27"
"513","48","1142","5","Article into price","1993-01-07 09:37:08"
"514","93","321","2","Industry both our safe rule suddenly","1999-09-24 20:15:54"
"515","64","941","2","Television finish dinner most wind without","1983-03-21 00:23:04"
"516","60","1731","4","Outside order enjoy other a","2014-07-11 01:50:50"
"517","0","910","1","East usually traditional growth tax president","2001-03-09 06:36:03"
"518","37","1118","1","Draw about enter black end national","2006-05-15 15:53:31"
"519","54","794","4","Place organization history close campaign","2004-06-27 04:57:29"
"520","47","487","2","Happy represent town feel matter","2012-03-18 00:31:53"
"521","73","221","3","Right who dinner season forward pay","1991-09-24 20:55:56"
"522","28","335","1","Conference argue small beautiful over","1992-12-01 06:52:14"
"523","3","1833","3","Rate decision bill yes represent truth","1976-09-09 08:56:39"
"524","44","1327","4","Fast sell that","1973-07-07 09:28:27"
"525","80","472","2","More quite simple begin his major","2023-04-04 06:52:31"
"526","96","102","3","With picture work","2013-03-24 09:38:50"
"527","22","1551","2","Environmental appear thought back decision","2010-11-18 03:15:03"
"528","3","740","2","Wind bar number American keep","1994-12-17 21:16:50"
"529","51","368","3","Really month morning catch coach","1972-07-23 23:10:17"
"530","75","547","5","Agree speak official","2011-06-18 23:49:40"
"531","25","916","4","Professor consider face visit word way","2002-10-01 00:44:27"
"532","0","737","4","Concern note subject item","1993-06-07 13:56:42"
"533","26","1587","4","Probably me red war campaign campaign","1997-01-19 13:42:12"
"534","66","1966","3","Choose Republican pay cost","1997-01-07 01:19:11"
"535","2","60","4","Anything order recently that","1982-03-28 19:55:39"
"536","68","1098","3","Real same seek environment eye marriage bed","1977-04-07 17:00:18"
"537","86","417","3","Issue official listen","2012-01-27 04:36:49"
"538","98","531","2","Good weight act individual","1978-08-27 05:15:50"
"539","9","1708","3","Suggest local couple","2009-10-08 07:23:13"
"540","21","418","3","Drop discussion eat born","1999-11-11 20:07:16"
"541","21","1594","4","Although cover boy term network","1971-09-26 17:40:10"
"542","56","1489","2","Arrive until into five somebody consider","2001-02-18 11:02:51"
"543","76","1795","4","Yeah reflect fund","1979-09-04 18:48:33"
"544","54","857","4","Serve despite music positive","2003-11-26 02:04:50"
"545","21","1236","4","Deep state usually bad guess which","2010-09-14 02:08:49"
"546","23","1394","3","Phone security crime appear none own","1992-08-09 17:17:21"
"547","39","1773","2","Know bill improve ball yourself","1972-02-10 01:38:40"
"548","72","1339","2","Matter new weight difference","2006-01-30 03:40:18"
"549","56","1751","2","Truth return picture own","1971-03-27 10:38:55"
"550","30","1006","5","Firm whether care cold news economy","2019-01-21 21:03:15"
"551","35","453","5","Several item member best seem","2004-08-04 18:02:20"
"552","18","841","4","Other including popular southern benefit","2003-12-23 14:35:17"
"553","11","839","1","Open part dark society","2004-06-01 03:03:59"
"554","56","422","3","Me attention president century when mention","1980-01-06 11:56:32"
"555","13","1343","3","Majority instead kitchen","1981-01-07 03:39:31"
"556","23","947","2","Truth imagine responsibility ability trouble like","2018-10-15 23:28:24"
"557","47","621","1","Skill then hot","2014-02-08 10:09:16"
"558","70","151","2","Away consider box movement","1979-10-30 23:25:33"
"559","99","1825","2","Wind present half after major","2000-10-05 03:41:59"
"560","46","1777","3","Decide significant goal","2016-08-14 08:10:04"
"561","42","327","4","See find not teach","2001-09-11 05:54:56"
"562","65","669","4","Different unit interesting avoid","2010-01-13 06:18:36"
"563","7","314","1","Upon myself performance value keep","1972-01-15 05:08:39"
"564","97","988","4","Money amount safe entire base positive","2022-01-05 13:29:31"
"565","64","954","4","Heart first college line when","1998-04-13 18:17:18"
"566","15","876","2","Develop world evidence one","1976-05-20 09:42:48"
"567","45","127","4","Economy different make second","1980-08-28 09:45:34"
"568","57","1324","5","In shoulder course ready","2015-10-25 11:46:51"
"569","43","834","2","Ability something race environment measure western","1987-03-26 20:10:31"
"570","85","436","2","Level family situation your","1976-05-22 01:43:47"
"571","45","1655","2","Become face music end","1983-12-06 19:40:44"
"572","46","1453","4","Trouble it a player result","1999-10-14 06:58:26"
"573","19","1739","5","Attack theory side ten","1992-11-14 05:22:33"
"574","19","924","5","Visit threat just","2001-01-27 19:34:49"
"575","0","406","5","Too management play term professor","2023-08-20 09:17:01"
"576","56","523","1","She thus pretty","1972-09-21 14:34:38"
"577","33","1837","2","Painting nation system home","1985-07-08 01:41:12"
"578","65","984","4","Charge trade drive Congress","2022-11-22 00:59:32"
"579","34","1118","4","Allow answer remember individual boy","2000-02-15 01:58:21"
"580","19","1105","5","Example increase window instead read","2014-09-10 01:18:06"
"581","70","270","1","Often production detail","2007-05-23 03:15:38"
"582","87","1022","4","South his none","1990-01-08 04:02:09"
"583","57","1380","4","Meet above player garden might happy","2014-09-16 09:54:47"
"584","9","623","1","Cost yet pick until cell outside","2023-01-17 16:42:12"
"585","82","1026","2","Play his more spend staff guy","2008-01-06 16:34:05"
"586","68","307","4","Capital character table yourself goal","2004-09-30 15:45:14"
"587","82","1579","3","Information pattern media blue spring lay late","2022-10-04 23:47:24"
"588","10","117","2","Face half she nearly unit worry","2002-08-30 07:02:56"
"589","55","858","5","Music side team yet","1981-03-22 18:28:20"
"590","22","953","4","Seven performance police personal","1982-12-11 16:07:02"
"591","67","1661","2","Believe focus become","1978-04-08 22:38:30"
"592","78","1370","2","Hour dark glass","1971-08-17 04:21:06"
"593","7","369","3","Particularly power impact agree office base","2001-02-13 06:04:56"
"594","48","956","3","Class through side politics","1995-03-06 06:00:16"
"595","61","294","1","Knowledge American prove little hot","2020-09-04 02:18:26"
"596","59","192","4","Game these whole","1974-12-28 14:47:00"
"597","99","969","5","Major win other there total","1999-06-11 04:30:05"
"598","88","325","1","Street avoid the someone know part","1975-04-25 22:49:34"
"599","32","1409","5","Or magazine base","1995-04-14 00:57:56"
"600","37","1690","4","Last language focus right movement","1973-10-31 01:59:43"
"601","25","1468","4","Perform example person","1979-01-25 07:14:02"
"602","13","483","4","Tend whose want visit","2007-07-19 09:11:02"
"603","91","234","5","Discuss result view do speak","2002-12-18 04:38:11"
"604","79","234","2","Yes office final weight","1983-09-21 22:05:22"
"605","8","1989","2","Some painting amount value","2015-02-01 09:39:57"
"606","56","1077","2","Apply picture artist","1976-01-21 04:16:42"
"607","59","1258","2","Director on arm thus","1991-04-04 15:04:58"
"608","76","732","2","Sometimes campaign serve social wish","1981-09-11 17:30:41"
"609","13","1841","3","Approach air loss collection","1976-04-12 02:53:09"
"610","63","299","3","Responsibility social that","1994-07-08 16:09:38"
"611","18","615","5","President any full","2019-03-13 03:47:48"
"612","46","1682","5","New help such thus unit","1977-05-11 20:04:47"
"613","41","283","1","Cause doctor manage draw","1984-09-14 12:33:54"
"614","32","1019","3","Everyone woman according walk state","1977-12-11 22:26:22"
"615","35","258","4","Ability company manage head","1974-01-24 18:47:02"
"616","71","1398","5","Industry true bed push","2005-01-07 07:48:45"
"617","13","1003","1","Budget choice how certainly debate current","2011-11-05 04:41:04"
"618","17","895","3","Card agency career force same any","2006-12-27 11:28:18"
"619","35","1400","3","Student shake him weight clearly investment","1994-12-03 00:38:07"
"620","87","800","4","Grow on show air risk election","1999-06-27 21:35:23"
"621","82","106","2","Building air song","2019-08-27 15:56:55"
"622","98","769","2","Various then wish","2006-03-10 04:28:01"
"623","83","1446","4","Wall gun series receive director","1972-05-15 09:11:16"
"624","0","495","2","Play important animal network common","1976-11-03 16:21:17"
"625","94","1175","4","Role again personal action treatment test","1992-02-03 05:05:34"
"626","23","1729","2","Hotel age do night eye","1993-09-28 12:42:35"
"627","91","467","5","Last building area can thousand","2015-06-14 06:36:04"
"628","8","1320","2","Series music make husband worker","2002-11-16 15:39:41"
"629","99","1424","5","Skin employee score","1979-08-30 23:41:00"
"630","1","1531","4","Road station letter","2012-07-02 05:43:00"
"631","63","974","3","Color energy many everything","1992-03-26 21:56:46"
"632","97","1771","2","Reality letter program","2019-09-01 05:12:58"
"633","60","1475","5","Major so occur true history","2013-11-18 19:03:04"
"634","6","884","4","Image ball magazine how rise","2010-11-01 10:41:54"
"635","80","1259","4","Different sing season seek","2013-05-01 08:00:18"
"636","44","1034","1","Include around remember produce","1977-03-21 19:29:25"
"637","61","182","2","House sound wind official year","2019-08-01 19:32:55"
"638","38","1439","1","Science head part thing religious","1970-12-21 00:17:47"
"639","31","981","3","Station design hot","1975-08-04 18:50:17"
"640","50","339","4","Ask sense food","1991-08-25 20:54:43"
"641","30","1688","5","Whatever however thing expert","1978-11-25 14:31:13"
"642","72","472","3","Wish their physical up develop involve","2002-01-11 15:13:04"
"643","13","1476","4","Require fly prove believe","1984-04-30 14:00:50"
"644","98","29","4","Model look during","2018-10-23 13:20:54"
"645","25","186","3","Attorney process agent","1991-11-12 00:37:30"
"646","56","127","4","Quite attack concern former certainly","2019-05-21 12:25:51"
"647","15","1670","5","Usually hundred partner","2003-07-27 14:05:35"
"648","41","209","3","Candidate surface line others will","1988-07-19 13:12:07"
"649","83","857","1","Back society recognize pick southern","2000-07-15 14:22:39"
"650","66","253","3","Note term fear road democratic wish","1994-11-26 15:21:28"
"651","60","1379","5","Wait stay middle","1978-06-02 12:30:08"
"652","34","133","1","Many contain it couple type middle","2014-08-24 09:23:29"
"653","88","1797","5","Voice technology wife including","1992-09-09 11:00:50"
"654","17","1818","2","Look leader price particular every","1980-10-14 01:03:08"
"655","39","688","1","Good want why year thousand","1991-09-17 12:36:44"
"656","87","61","1","Hotel several east commercial","1980-03-27 07:43:54"
"657","9","1123","5","Newspaper really owner number you run","1973-11-05 01:35:07"
"658","39","350","3","Long fall center forget include learn","1976-03-16 06:02:50"
"659","41","1893","4","Expect against watch out natural","1982-10-13 13:42:08"
"660","68","344","4","Him pattern staff","2018-07-11 07:28:38"
"661","48","1067","2","Attention kind glass","2002-07-21 17:34:28"
"662","60","1516","2","Expert society good skin","1977-06-28 04:01:20"
"663","24","1429","1","Everything artist appear","1972-10-20 11:43:41"
"664","90","1410","1","Administration make foreign","1975-12-11 22:04:58"
"665","21","1586","5","Hard throughout local","2015-06-09 05:40:07"
"666","93","1017","4","Him exactly against seven blue","1987-02-05 15:31:28"
"667","61","383","1","Where any people","1978-07-17 08:55:29"
"668","19","339","4","Where case never space","2014-04-27 14:01:25"
"669","13","258","3","At remember these do discuss","2007-08-31 12:26:38"
"670","37","760","5","Much sport project dinner material artist","1990-04-14 03:51:00"
"671","95","531","1","Strong win discover blue","1972-09-13 01:23:38"
"672","64","1370","3","Health guy cover southern avoid","1993-03-15 04:39:36"
"673","1","357","2","Room choice four action","2019-11-09 13:56:20"
"674","96","659","4","Common trial population peace idea","2002-09-15 14:27:30"
"675","3","263","4","Theory whether fill evening hospital","1971-03-02 13:15:48"
"676","35","166","5","Star begin hundred describe","1975-03-11 09:11:45"
"677","76","563","2","Report across reason number then","2022-08-04 14:24:33"
"678","70","1879","2","Decide rest several paper wear woman","1990-03-24 12:15:29"
"679","17","1793","3","Even glass learn end","2015-01-04 03:30:12"
"680","34","853","5","Cover room these","2001-01-10 15:00:28"
"681","21","769","2","Drive send son","2001-10-17 11:51:38"
"682","96","1865","4","Prevent bag set","1985-08-05 17:31:37"
"683","94","1273","2","Song sort country","1981-12-11 01:42:57"
"684","34","1861","2","Quickly poor both give country","1993-02-13 02:14:07"
"685","81","63","3","Admit apply light look television dark","1989-09-16 00:07:39"
"686","41","690","2","Design especially compare","1979-04-04 01:25:45"
"687","82","586","3","Whatever it table","1977-12-29 16:25:03"
"688","50","1344","1","Officer two situation book","2002-08-14 09:20:47"
"689","76","974","2","Serve man meeting way common","2020-11-13 19:55:29"
"690","93","1975","5","Million that computer way rich","2016-03-27 05:25:16"
"691","55","239","3","Society next remain population bar prepare","2004-02-10 17:22:32"
"692","86","1496","3","Another decide response purpose several usually","1971-02-17 11:41:09"
"693","38","416","5","Health do card","1983-08-04 00:10:38"
"694","87","117","3","Upon require mind middle bad","1999-10-08 05:09:03"
"695","9","480","2","Firm never property score sure","1977-12-25 02:06:11"
"696","18","1707","1","Time see serve best","2004-05-10 05:15:15"
"697","23","602","1","Power responsibility mean half news ask","1988-01-21 06:23:48"
"698","50","1590","3","Outside example stock expect bill wrong","2023-09-23 16:08:32"
"699","33","1264","2","Son admit end","2001-05-24 20:22:15"
"700","43","1076","4","Sometimes me coach","1985-06-16 04:26:35"
"701","30","1781","2","Institution information guess so","1997-02-09 19:20:17"
"702","87","1977","2","Pressure attack generation all indeed against","1974-10-27 08:18:57"
"703","65","502","4","Middle security financial again partner end","2006-03-31 22:54:24"
"704","48","331","3","Sometimes method challenge process year today","1996-01-19 15:41:01"
"705","57","1394","1","Water color stage look question","2009-04-15 20:20:07"
"706","65","1354","5","Already condition country its of radio","1976-03-21 03:53:26"
"707","44","1991","4","Just kitchen stage scene create method","1983-05-16 07:27:13"
"708","61","1237","4","Property another enter before","2023-07-31 02:24:01"
"709","84","1334","1","Religious war development read","2020-12-20 06:42:09"
"710","68","1492","1","Run economy type this better","2012-10-20 10:34:12"
"711","87","732","5","Air whose old","2021-09-17 18:50:28"
"712","56","184","1","Product exactly store Congress","2010-01-14 15:12:58"
"713","90","1862","4","Bit adult course third boy these","2005-05-03 05:33:40"
"714","53","923","2","Either could hand order","1991-02-16 19:07:28"
"715","36","605","5","Individual prepare deal agree","2017-10-24 08:36:44"
"716","96","1671","2","Feeling seat claim identify though","2018-01-23 19:25:23"
"717","15","1339","2","World three might","1998-08-27 11:21:11"
"718","45","575","5","Information million building score","1970-04-18 10:12:54"
"719","81","1208","3","Image customer remain administration","1990-04-14 22:29:21"
"720","68","1016","4","West carry notice","2016-02-05 15:32:52"
"721","6","1879","4","Think involve bit inside","1973-11-11 08:14:36"
"722","14","1173","5","Pressure accept chance","2017-03-18 07:52:26"
"723","78","1367","1","Even ago change improve professional prevent","2018-11-11 15:44:01"
"724","81","1410","1","Enough material front","2002-05-28 21:22:31"
"725","55","1989","4","Staff firm leave","2008-09-26 10:03:34"
"726","40","1938","3","Design start television address","2008-11-28 00:10:17"
"727","4","1189","3","Building yard onto","1972-09-26 07:46:03"
"728","28","1754","4","Long point fire foreign","2015-09-07 01:58:29"
"729","74","1569","5","To second method party","1998-12-20 10:59:20"
"730","43","785","2","Pretty I direction smile","2000-09-28 18:49:41"
"731","66","562","5","Public state modern","2007-03-01 19:10:13"
"732","63","283","3","Task service represent","1989-01-30 21:30:00"
"733","97","1380","1","Party rich religious well weight","1977-11-18 18:48:38"
"734","43","668","1","But others rate difficult manager professor","1979-12-02 08:40:33"
"735","99","1021","2","Film purpose difference","1981-07-29 02:08:52"
"736","80","321","3","Probably include fly seem indeed","1994-10-13 10:17:39"
"737","9","893","3","Analysis specific son black","1974-12-21 05:51:20"
"738","19","900","3","Tough agreement do professional","2003-09-12 16:33:52"
"739","32","1057","4","Into spend subject vote occur able","2017-08-23 15:29:47"
"740","72","187","2","Conference exist how factor oil","2018-12-17 08:14:55"
"741","91","1698","2","Address require place","2018-09-16 16:47:39"
"742","41","161","2","Trouble relationship view very","2009-04-10 10:54:48"
"743","96","1459","5","Cultural per note right food information","2020-09-26 12:46:25"
"744","44","266","5","Soldier both fact store amount","1987-01-06 22:34:16"
"745","3","1142","1","Consider machine staff stop effect","1986-02-23 13:47:41"
"746","95","1094","1","Window green suffer friend soldier","2003-12-09 14:38:00"
"747","42","1689","2","Director understand attention if walk staff","1982-04-09 01:28:56"
"748","30","1674","2","But rest organization","1999-12-02 14:44:51"
"749","97","1953","3","Her at a","1974-04-11 00:10:38"
"750","18","528","2","Hard true detail","2018-03-21 09:50:23"
"751","36","495","5","Young together from apply collection","2004-07-07 08:59:36"
"752","38","1263","2","Mother around day","1995-12-30 21:55:12"
"753","83","917","2","While culture write painting","2001-12-25 21:28:27"
"754","82","982","2","Believe win quickly easy shake suffer","2019-08-24 00:01:45"
"755","66","1664","4","Manager be change brother create","1981-11-07 07:26:58"
"756","61","1657","3","My so avoid","2009-04-27 05:00:35"
"757","87","344","4","Expect set wall together","1993-11-22 14:32:09"
"758","12","1747","3","Grow rule each drive affect","1995-10-26 01:57:22"
"759","18","695","5","Even discussion beautiful be","1976-12-16 02:01:11"
"760","10","480","2","Four should shake myself","2007-01-26 11:23:52"
"761","36","625","3","As blue by","1982-06-17 09:01:14"
"762","68","1379","4","Join response fine","1994-12-19 01:01:59"
"763","21","559","2","Stuff half sing change enter seven","2009-06-15 20:08:49"
"764","96","1082","5","Material article year mention deal","1980-05-19 22:22:15"
"765","16","968","1","Help win pattern term one","1985-03-19 20:45:37"
"766","45","1234","2","Fund window Republican for","2009-04-14 08:10:44"
"767","56","524","5","Issue process huge shoulder","2010-01-23 06:32:08"
"768","7","699","4","System forward practice other","2000-02-08 19:36:32"
"769","47","1098","4","Toward someone point behavior","1998-12-13 13:03:25"
"770","4","735","5","Within far street walk","1994-07-25 20:59:28"
"771","73","89","2","Task subject respond","1991-02-02 13:20:11"
"772","39","17","3","Serious finally office central","2007-08-11 12:05:38"
"773","96","1378","1","Several score loss also enjoy have","1986-07-28 19:48:52"
"774","37","299","1","Current already candidate form glass difficult","1981-10-01 00:52:56"
"775","47","1494","2","Imagine help your","1970-04-13 11:24:35"
"776","8","1597","5","Building particularly green hair manage","1986-05-15 10:50:42"
"777","84","1242","3","Push plant little","1970-08-27 10:51:35"
"778","91","91","2","Game whole city across partner peace","1973-04-08 16:21:56"
"779","20","1651","3","Tend still win treat probably","1992-12-01 20:12:41"
"780","70","127","5","System production have size","1974-05-14 10:49:59"
"781","11","1549","1","Whether left social wife","2019-07-01 11:50:49"
"782","20","1273","5","Space its ask themselves very","2012-11-25 14:58:38"
"783","25","1043","4","Yes mind development in almost","1976-09-03 23:44:09"
"784","23","1523","1","Become door whatever yet choice","1976-04-17 14:18:48"
"785","98","1448","5","Experience bed something yeah","2018-01-19 08:57:32"
"786","69","687","1","Walk term thousand network","1983-08-07 00:54:15"
"787","55","1173","4","Drive expect authority seem","2010-07-20 16:45:32"
"788","64","737","1","Recognize he me","1973-06-28 21:54:16"
"789","85","242","2","Market follow civil","2006-10-27 06:28:43"
"790","69","688","3","Include social room","2008-01-02 17:26:44"
"791","11","115","4","Prove true particularly","1985-03-14 22:34:47"
"792","48","1157","1","Because opportunity nation thing","1991-10-12 15:07:43"
"793","50","1524","1","Always serve current see stuff coach","2011-12-25 04:31:41"
"794","65","1606","1","Keep present across thought","2006-05-17 03:51:07"
"795","88","1125","1","Although your author treat mouth street","2009-06-19 11:19:53"
"796","65","465","4","Want protect kid","1980-02-12 04:54:14"
"797","33","686","3","Clearly who later number","1986-10-05 21:13:47"
"798","81","1029","1","Loss year development subject agent","1974-11-03 00:38:09"
"799","46","1122","2","Hear perhaps peace","2004-08-07 15:27:44"
"800","62","1616","1","Office close price would","1975-03-14 12:28:10"
"801","65","1776","4","Social mother near","2011-12-03 23:36:33"
"802","31","1476","1","Picture say such own","2014-03-14 06:17:15"
"803","39","108","2","Voice loss help current across","2021-11-06 19:35:36"
"804","65","1209","2","Manager special develop","1989-01-14 09:15:28"
"805","10","300","3","Consider ten ready evening","1978-05-11 08:09:02"
"806","45","809","3","Computer fine can","1996-02-24 14:36:21"
"807","32","1235","3","Thing case size behind huge","2005-10-23 14:21:49"
"808","87","1357","4","Care across why whether","1978-05-28 22:19:58"
"809","47","730","4","Program you everyone adult","2011-01-27 19:49:36"
"810","85","1578","3","Participant better reduce realize","1987-07-02 09:20:09"
"811","93","858","5","Color letter arm","1972-05-03 05:48:23"
"812","52","1552","3","Us experience resource major while","1997-06-07 21:53:09"
"813","31","1584","4","Federal soon early","1979-06-28 13:27:34"
"814","48","1597","1","Control glass wish against participant","2015-06-26 14:44:36"
"815","59","1150","5","Knowledge radio civil read again","2000-11-30 07:52:15"
"816","48","117","1","Turn itself own talk ok happen","2006-03-22 16:53:37"
"817","46","571","4","Career picture form whose administration","2009-02-02 10:06:06"
"818","3","811","2","System suffer likely change class","1985-01-29 04:31:17"
"819","12","882","1","Affect possible bring","1997-09-13 10:02:52"
"820","59","1076","4","Per in thus","2021-03-11 20:09:03"
"821","89","1653","4","He too they these suddenly meeting","1980-11-14 14:29:42"
"822","76","414","2","Either a ago","2022-01-12 09:09:58"
"823","3","668","3","We bank speech","2004-07-31 04:11:50"
"824","40","841","5","Understand support meeting various study","2021-05-14 03:31:38"
"825","33","1183","5","Bit those middle","2017-03-18 03:42:23"
"826","86","1439","1","Party series will hard statement","1971-07-16 03:17:02"
"827","92","525","2","Whether short number number of","1971-08-25 20:22:05"
"828","4","1405","2","Employee wait wide start model body","2021-08-24 08:05:56"
"829","65","1673","3","Unit moment act friend thank road","2019-06-12 21:45:45"
"830","60","1429","5","Particularly safe sing wonder family","1972-07-15 04:46:32"
"831","75","706","4","Site society item our commercial","2006-08-25 17:05:31"
"832","14","1075","4","Any ability stop then","1978-10-20 15:09:52"
"833","78","1808","2","Medical serious mean agent control network","1979-06-07 19:24:23"
"834","22","1251","5","Any radio evidence","2013-10-22 10:38:58"
"835","49","1350","5","Perform later across involve order write","1978-01-21 17:17:51"
"836","62","1495","1","Report fish do environmental Democrat","1998-12-11 17:42:46"
"837","35","273","2","Republican even audience keep life","2016-03-07 04:48:22"
"838","30","1170","4","Power interest help trip result middle","1972-06-23 06:29:14"
"839","85","1539","2","Important none itself play just condition","1983-07-14 20:29:23"
"840","53","882","4","Run check film whom center","2017-06-06 13:53:20"
"841","75","1280","1","Wrong or figure","1972-07-16 21:50:24"
"842","60","804","4","Coach attack instead head way lot","1981-10-07 06:15:01"
"843","20","640","1","Under interest final consider","2010-11-29 15:27:17"
"844","68","1870","5","Throw first same kid make","1991-09-19 18:20:24"
"845","13","483","5","Realize space tax fall student and","2001-09-12 05:56:56"
"846","77","1857","2","Nation reveal begin together","2016-03-25 11:14:09"
"847","49","443","4","Add true music film","2017-11-10 15:08:08"
"848","83","1805","4","Activity somebody similar southern","1971-11-05 21:48:27"
"849","33","434","5","Others east no present support room central","1981-07-15 10:51:50"
"850","73","17","5","Would wrong particularly expect claim","1998-10-09 07:35:20"
"851","56","756","4","Enter family base poor guess indicate","2015-12-01 05:02:33"
"852","42","529","4","Class appear field majority degree risk","1975-05-28 23:22:39"
"853","89","1324","2","Tend next stage","1997-05-04 01:45:42"
"854","72","39","4","Bad for become","2009-09-16 03:24:36"
"855","2","911","1","Store most produce","2019-03-29 22:17:04"
"856","68","9","3","Form next thousand own read","1971-12-23 06:00:24"
"857","37","945","3","Tell sense trial reason history","1990-02-09 05:11:18"
"858","43","1193","5","South up marriage job sound","1980-08-08 08:32:03"
"859","13","1905","5","Like arm market","1988-12-10 20:33:29"
"860","92","947","3","Particularly food candidate federal hand","1977-08-08 01:58:19"
"861","54","1581","5","Dinner return along focus ready pretty","2019-09-29 09:42:32"
"862","44","167","5","Safe pattern tax something evidence individual","2003-12-30 10:28:07"
"863","36","1205","5","Southern strategy food gas hold","1988-12-19 05:46:07"
"864","10","1340","5","Beautiful treat wish","2023-05-12 06:40:33"
"865","90","790","1","Enjoy film well lay down three","2012-06-16 22:18:05"
"866","84","1196","5","Every out dream interesting green","2021-06-29 11:50:18"
"867","65","1278","5","Source increase current easy","2019-06-06 06:22:39"
"868","39","769","2","Animal thank clear foot western cause","2008-11-06 15:04:17"
"869","63","868","4","Some somebody day day off","2023-09-17 17:56:59"
"870","69","880","2","Knowledge opportunity great if","1974-05-04 04:57:40"
"871","26","491","5","Improve pull record","1988-06-14 18:35:33"
"872","58","1401","2","Fly possible value low","1987-05-07 16:09:29"
"873","98","366","5","Through above summer information safe threat","1970-04-19 18:31:53"
"874","42","13","1","Project ok others away thing score","2007-11-11 12:15:20"
"875","7","953","2","Drop however great term week various","1976-03-24 10:09:44"
"876","59","915","2","Eight site fish forward risk far","1991-04-22 13:56:51"
"877","5","1208","1","Agree admit start western","2012-07-01 02:13:01"
"878","93","1627","2","Reflect measure space future quality","1991-08-11 18:53:33"
"879","41","1302","4","Eat us maintain","2018-04-04 02:30:28"
"880","68","1854","5","Job bit few best onto","1973-02-05 22:32:30"
"881","67","1130","4","Tree respond grow note","1972-03-24 11:21:03"
"882","10","657","1","Three social choose course","2015-01-27 04:48:08"
"883","31","1918","2","Gas support small","1975-09-07 23:34:33"
"884","74","439","1","Adult car office race those rest","2005-05-12 17:07:03"
"885","69","1914","5","Question Mr night","1986-12-17 03:40:45"
"886","78","1752","5","Produce effort him light fact system","2008-12-07 02:22:48"
"887","41","1566","1","Whatever personal instead share ok","1975-01-13 09:12:57"
"888","34","434","5","Blood contain I minute deep ground","1987-10-26 17:41:24"
"889","33","1344","4","Notice you daughter","2017-12-15 05:37:16"
"890","68","151","2","Both dream rise","1982-07-27 22:06:33"
"891","68","192","3","Because clearly maybe under","1972-06-21 09:28:13"
"892","6","1908","1","Offer Democrat star travel bill","1991-05-20 22:46:52"
"893","90","1871","3","Shoulder stand guess industry guess itself","1981-04-20 22:25:16"
"894","28","1539","3","Order occur product fund apply onto","2003-10-03 01:13:06"
"895","16","790","5","Somebody across ability she","1998-08-26 09:51:00"
"896","45","518","2","All company listen like attention","2015-10-19 04:58:12"
"897","68","1617","3","True pass bad drive realize","1985-11-22 07:24:58"
"898","47","182","4","Finally several well director","1987-01-25 18:13:13"
"899","98","213","4","Point return bed store near head","1976-03-06 19:16:34"
"900","68","1031","1","Wrong morning down collection","2002-12-19 06:48:08"
"901","54","824","4","Scene some ten act weight such","1981-11-22 10:54:36"
"902","61","1657","1","Respond thousand color edge perform miss","2003-08-09 09:26:04"
"903","69","715","5","That talk on a outside less","1983-03-24 07:18:35"
"904","51","729","4","Piece impact president production visit","1970-09-29 10:37:49"
"905","65","955","2","That international be half listen mean","2005-08-30 18:18:39"
"906","77","104","5","Item performance party PM maybe between","2010-10-18 19:21:37"
"907","84","976","3","Start after receive daughter newspaper","1980-03-25 10:48:16"
"908","38","1497","2","Yes improve draw some present","1975-12-29 22:27:35"
"909","71","1299","3","News model lawyer","1979-09-02 09:36:39"
"910","27","1199","3","Person author cell finish","2006-11-30 04:53:59"
"911","94","1152","5","From class senior provide body together","2006-03-28 14:35:52"
"912","94","617","1","Head goal line throughout","2013-01-18 16:19:59"
"913","53","1080","3","Probably then character already","1978-08-06 10:56:26"
"914","87","1522","2","Production church option sometimes pick","2004-05-02 17:39:55"
"915","7","1766","2","Drug lose home soon could","1988-11-29 08:26:26"
"916","66","1498","5","About join determine spring rise throw","2017-08-30 01:11:03"
"917","32","406","2","Strong mention those outside occur participant","1985-03-15 07:04:56"
"918","79","204","4","Rich radio away everything","1971-11-05 04:51:54"
"919","0","786","3","Interest cell dog","1972-08-30 23:48:19"
"920","25","176","4","Hospital beautiful me thought cover","1995-10-06 20:25:55"
"921","51","1584","2","Him guess positive perhaps against live","2001-11-02 02:06:18"
"922","68","1029","3","Audience about box wife notice threat","2005-11-03 05:00:42"
"923","3","817","2","Century quality dream above act","2001-12-13 23:51:16"
"924","29","1702","1","Movie want increase shake stage what","1981-03-24 13:12:32"
"925","72","427","3","Thus only bill later huge","2023-03-28 22:40:18"
"926","52","672","3","Give forget value west statement","1975-03-22 22:14:38"
"927","54","23","2","Need heart carry","1970-07-21 06:38:20"
"928","65","143","5","Myself none late","2015-04-11 11:30:51"
"929","45","1203","1","Few morning executive","2009-08-11 04:31:52"
"930","50","470","3","Most protect for","2018-04-02 22:50:06"
"931","60","1493","1","Rule special Democrat million","1970-05-23 03:37:11"
"932","8","1504","3","Live month station","2008-01-01 21:49:39"
"933","81","1823","2","Road according plan","2014-09-09 03:02:45"
"934","79","1549","5","Particularly peace thought which","2008-12-17 19:23:41"
"935","6","1450","5","Professor process station","1974-11-23 04:12:06"
"936","46","1632","5","Dream yeah report garden instead","1992-02-27 07:43:34"
"937","2","1724","3","Yourself somebody light already development","1986-12-15 21:16:48"
"938","76","171","4","Can resource remember","1994-02-11 14:30:55"
"939","69","1594","1","Left mention ago region nor","1989-01-18 10:08:25"
"940","90","913","1","American material style through evidence southern","1984-05-24 22:09:45"
"941","98","489","5","Human long air","1972-06-28 07:04:46"
"942","72","1177","4","Lead wide knowledge charge lead music","1972-05-29 14:14:33"
"943","85","636","3","Recently detail deal service","1971-09-22 17:27:00"
"944","37","153","4","Despite two second say if tough","1981-03-18 08:47:48"
"945","54","1947","5","So writer price rise tell old","2014-11-22 01:39:01"
"946","41","1157","3","Choice record whatever behavior budget fall","1990-11-05 16:23:09"
"947","83","1542","2","Group top woman everyone quickly question","2003-04-29 13:35:16"
"948","67","352","5","Already heavy so plan","2009-02-15 06:41:37"
"949","51","822","3","Year else front than","1980-07-29 04:02:14"
"950","66","1597","3","Alone its open upon hour","1977-09-05 09:48:42"
"951","51","689","4","Officer wish beyond stop national development","2007-12-29 15:19:45"
"952","42","1701","5","Identify hold fast team","1983-10-18 16:23:41"
"953","18","986","4","Interest perhaps almost probably least place","1981-11-01 23:23:21"
"954","82","729","1","Admit watch avoid action production","1991-06-11 12:13:52"
"955","55","372","4","Accept they probably hair think","1983-01-07 02:56:45"
"956","64","79","2","Its industry coach prevent the","1983-05-14 02:25:08"
"957","32","479","5","National put fear often","1996-02-12 14:35:24"
"958","78","1161","1","Lose talk child thought support project","1978-02-22 15:39:29"
"959","80","231","4","Or yourself environmental student improve different","2002-08-06 12:08:02"
"960","84","941","2","Customer alone wrong former research","1994-02-02 19:16:17"
"961","40","168","1","Single practice like water education shoulder","1994-11-20 17:57:26"
"962","27","1169","4","Order choice most group everybody image","1981-04-16 13:26:20"
"963","41","55","5","Sound that operation avoid morning","2017-09-13 10:50:34"
"964","69","239","1","Discover affect light box school despite","1999-05-31 21:08:59"
"965","30","925","1","About kid of allow subject","2010-11-14 23:26:39"
"966","72","523","3","Soon administration natural tell whole","2020-05-23 11:09:29"
"967","54","379","2","Myself cup pass like finish many","2000-03-08 20:45:29"
"968","81","125","2","Prevent we project hit oil","1980-09-09 19:53:18"
"969","8","1123","4","Experience item image expect senior movie","1970-12-24 19:00:58"
"970","86","1220","3","Yes seem would level despite imagine","1997-04-18 22:30:22"
"971","20","1654","3","Outside policy painting","1978-12-29 23:23:06"
"972","62","499","2","Really benefit risk security article while","1998-08-07 07:28:33"
"973","15","563","1","Future Mr benefit floor","1986-06-23 11:45:12"
"974","31","1124","1","Respond act others many","1980-02-27 14:45:56"
"975","45","887","3","Direction guy what little","1988-05-16 20:09:57"
"976","34","1305","3","Candidate face material particularly parent","2006-05-21 23:32:43"
"977","54","1409","5","Up employee analysis","2022-03-05 09:01:25"
"978","88","1721","1","Wall hold task beat instead hit","1990-08-14 08:53:11"
"979","40","1944","2","Face will author him book heart","1982-01-19 09:36:58"
"980","27","945","1","Not yet get apply decision successful","1997-09-10 20:44:56"
"981","95","1317","5","Design four lose far down","2014-03-14 19:11:31"
"982","15","250","1","Able attention our change section rock usually","1972-07-05 19:19:17"
"983","68","732","3","International hope audience phone across","2022-01-15 09:02:35"
"984","15","231","4","Measure partner professor real trouble enter","2008-10-07 19:27:11"
"985","83","1209","1","Record baby standard health","1995-06-18 21:31:44"
"986","25","486","5","Story art first owner Democrat magazine","2008-11-19 11:31:32"
"987","18","1017","2","Box local never","2017-09-04 20:12:42"
"988","53","1450","2","Seem world huge kind phone","2013-11-12 16:00:00"
"989","56","358","1","Receive must statement news indeed","2017-03-14 08:38:32"
"990","21","1125","1","Turn market miss culture role","1987-08-14 08:58:34"
"991","46","902","5","Yard work when arrive most number","2023-11-13 08:29:50"
"992","13","1972","2","Pretty east way","2003-04-05 20:31:01"
"993","57","1836","1","Action student interest sport purpose","2008-01-21 23:35:24"
"994","93","486","1","Action probably despite anyone","1996-02-09 21:52:24"
"995","68","17","2","Paper only approach interest spring","1991-10-07 23:21:51"
"996","44","1353","2","Very financial history box worker call","1979-01-23 08:04:24"
"997","43","915","2","Difference white cup question degree","1993-10-11 21:57:20"
"998","23","310","4","Kid economic attorney fear because seem","1984-01-03 00:58:40"
"999","13","730","3","Full agency water surface","1975-01-12 14:42:29"
